"Keyword","Type","Question","Volume","CPC"
"wordpress","questions","wordpress how to create website","2400","9.79"
"wordpress","questions","wordpress how to build a website","2400","8.82"
"wordpress website","questions","how to build wordpress website","1900","9.57"
"local seo","questions","what is local seo optimization","1900","5.67"
"web design","questions","how design web page","1000","11.43"
"wordpress","questions","what are wordpress websites","590","6.97"
"wix vs wordpress","comparisons","wix vs wordpress vs squarespace","590","8.81"
"wordpress seo","questions","how to improve wordpress seo","390","2.92"
"wordpress website","questions","how to backup wordpress website","390","3.94"
"web design","comparisons","web design vs web development","390","2.16"
"wordpress maintenance","comparisons","wordpress maintenance and support","320","20.36"
"local seo","questions","why local seo is important","260",
"web design","questions","why web design is important","260","10.07"
"local seo","questions","what is local seo marketing","260","3.38"
"local seo","questions","how to do local seo","210","6.65"
"wordpress seo","questions","what is wordpress seo","170","6.38"
"website design cost","questions","how much does website design cost","170","8.74"
"website design cost","questions","how much should website design cost","170","12.67"
"wordpress","questions","what are wordpress themes","170","1.54"
"wordpress seo","questions","how to wordpress seo","170","2.16"
"local seo","questions","what are local seo services","140",
"local seo","questions","what are local seo services","140",
"web design","comparisons","web design vs graphic design","140","9.88"
"wordpress website","questions","how to use wordpress website builder","110","19.99"
"wordpress","questions","how wordpress works","110","5.31"
"wordpress website","questions","how to design wordpress website","110","10.75"
"local seo","questions","how much does local seo cost","110","6.34"
"seo for small business","questions","why seo is important for small business","110",
"local seo","comparisons","local seo vs national seo","90",
"local seo","questions","what are local seo citations","90",
"local seo","questions","what are local seo citations","90",
"local seo","questions","how to improve local seo","90","4.91"
"wordpress website","questions","how to clone wordpress website","90","8.95"
"seo for small business","questions","how to improve seo for small business","90","22.64"
"web design","comparisons","web design vs ux design","70",
"wordpress","questions","which wordpress theme","70",
"web design","questions","what web design","70",
"wordpress","questions","wordpress how to duplicate a page","70",
"wordpress website","questions","how to download wordpress website","70",
"wordpress website","questions","how to wordpress website","70","4.62"
"website design cost","questions","how much website design cost","70","10.17"
"local seo","questions","how to get local seo clients","70","9.11"
"wordpress website","questions","will wordpress host my website","50","23.35"
"wordpress website","questions","can wordpress host my website","50","14.93"
"wordpress website","questions","where to host wordpress website","50","37.1"
"local seo","questions","who is the best local seo company","50","24.93"
"local seo","questions","how to rank local seo","50",
"wix vs wordpress","comparisons","wix vs wordpress vs shopify","50",
"local seo","questions","how to boost local seo","50","5.65"
"local seo","comparisons","local seo vs organic seo","50","18.44"
"local seo","questions","why local seo is important for small business","50",
"wordpress","questions","can wordpress host my website","50","14.93"
"wordpress","questions","will wordpress host my website","50","23.35"
"local seo","questions","how to do local seo for beginners","40","15.7"
"local seo","questions","how to do local seo for multiple locations","40",
"wix vs wordpress","comparisons","wix vs wordpress vs weebly","40",
"local seo","questions","how local seo works","40","2.33"
"local seo","questions","what does local seo mean","40","5.02"
"local seo","comparisons","local seo vs traditional seo","40",
"web design","questions","how web design impacts content marketing","40",
"wordpress seo","questions","how to optimize wordpress seo","40","5.12"
"local seo","comparisons","local seo vs seo","40","11.82"
"wordpress","questions","wordpress how to add page to menu","40","0.01"
"web design company","questions","how to choose web design company","40",
"seo for small business","questions","how to do seo for small business","40","12.06"
"web design","comparisons","web design vs ui design","30",
"local seo","questions","why local seo matters","30",
"local seo","questions","what is local seo in hindi","30",
"local seo","questions","what is local seo and why is it important","30",
"local seo","questions","what is local seo strategy","30",
"local seo","questions","what is local seo and how does it work","30",
"web design","questions","what is web design example","30",
"local seo","questions","why does local seo matter","30",
"wordpress website","questions","what is wordpress website development","30","1.09"
"web design company","questions","which web design company","30",
"local seo","comparisons","local seo vs global seo","30",
"web design","questions","which web design company","30",
"web design","questions","how web design works","30",
"web design","questions","where to learn web design","30","6.3"
"web design","questions","which web design software is the best","30",
"local seo","questions","what is local seo in digital marketing","30","3.85"
"wordpress","questions","are wordpress themes free","30",
"wordpress","questions","are wordpress plugins free","30","11.43"
"wordpress","questions","why wordpress is better than wix","30","4.94"
"wordpress","questions","what are wordpress patterns","30",
"wordpress","questions","who makes wordpress","30",
"wordpress","questions","how wordpress earn money","30","0.02"
"wordpress website","questions","how to optimize wordpress website","30","5.45"
"local seo","questions","how to optimize local seo","30","43.1"
"local seo","questions","how long does local seo take","30",
"wordpress","questions","which wordpress theme is best for blogging","30",
"local seo","questions","how to learn local seo","30",
"wordpress website","questions","how to secure wordpress website","20","9.06"
"local seo","questions","why is local seo so important","20",
"website design cost","questions","how much does website design cost uk","20",
"wordpress","questions","who hosts wordpress sites","20","46.48"
"wordpress","questions","why wordpress is the best","20","5.14"
"wix vs wordpress","comparisons","wix vs squarespace vs wordpress vs shopify","20",
"wordpress","questions","wordpress how to update php","20","1.81"
"wordpress","questions","are wordpress websites good","20","10.11"
"web design","comparisons","web design vs ui ux","20",
"web design","questions","will web design be replaced by ai","20",
"wordpress website","questions","are wordpress website secure","20",
"web design","questions","how web design goes straight to hell","20",
"wordpress security","questions","how to improve wordpress security","10",
"web design","comparisons","web design vs front end development","10",
"website design cost","questions","how much does website design cost australia","10",
"wordpress security","questions","what is wordpress security","10",
"wordpress security","questions","how to increase wordpress security","10",
"web design","comparisons","web design vs programming","10",
"website design cost","questions","how much does website design cost in south africa","10",
"website design cost","questions","how much is website design cost in philippines","10",
"web design","comparisons","web design vs product design","10",
"website design cost","questions","what does website design cost","10","11.06"
"wordpress speed","questions","what is wordpress speed optimization","10",
"website design cost","questions","how much does website design cost in india","10",
"wordpress website","questions","why my wordpress website is not opening","10",
"wordpress website","questions","why use wordpress for website","10",
"wordpress website","questions","can wordpress website be monetized","10",
"wordpress website","questions","which wordpress theme is this website","10",
